ประทับเวลา,ความเหมาะสมของรูปแบบการจัดงาน,ความเหมาะสมของระยะเวลา,ความตั้งใจของนิสิตขณะปฏิบัติงาน,ความพึงพอใจต่อการประชาสัมพันธ์
2565/08/14 4:48:00 หลังเที่ยง GMT+7,2,3,3,3
2565/08/14 4:48:00 หลังเที่ยง GMT+8,5,4,5,5
2565/08/14 4:48:00 หลังเที่ยง GMT+9,3,4,4,2
2565/08/14 4:48:00 หลังเที่ยง GMT+10,3,3,3,3
2565/08/14 4:48:00 หลังเที่ยง GMT+11,4,4,4,3
2565/08/14 4:48:00 หลังเที่ยง GMT+12,5,5,5,5
2565/08/14 4:48:00 หลังเที่ยง GMT+13,5,5,5,5
2565/08/14 4:48:00 หลังเที่ยง GMT+14,5,5,5,5
2565/08/14 4:48:00 หลังเที่ยง GMT+15,4,3,4,4
2565/08/14 4:48:00 หลังเที่ยง GMT+16,5,5,5,5
2565/08/14 4:48:00 หลังเที่ยง GMT+17,4,4,5,4
2565/08/14 4:48:00 หลังเที่ยง GMT+18,4,4,4,4
2565/08/14 4:48:00 หลังเที่ยง GMT+19,5,5,5,5
2565/08/14 4:48:00 หลังเที่ยง GMT+20,4,4,4,4
2565/08/14 4:48:00 หลังเที่ยง GMT+21,4,4,4,4
2565/08/14 4:48:00 หลังเที่ยง GMT+22,5,5,5,5
2565/08/14 4:48:00 หลังเที่ยง GMT+23,4,3,5,4
2565/08/14 4:48:00 หลังเที่ยง GMT+24,5,5,5,5
2565/08/14 4:48:00 หลังเที่ยง GMT+25,4,4,4,4
2565/08/14 4:48:00 หลังเที่ยง GMT+26,5,5,5,5
2565/08/14 4:48:00 หลังเที่ยง GMT+27,4,4,5,4
2565/08/14 4:48:00 หลังเที่ยง GMT+28,3,4,5,4
2565/08/14 4:48:00 หลังเที่ยง GMT+29,4,3,5,5
2565/08/14 4:48:00 หลังเที่ยง GMT+30,5,4,4,4
2565/08/14 4:48:00 หลังเที่ยง GMT+31,5,5,5,4
2565/08/14 4:48:00 หลังเที่ยง GMT+32,3,4,4,4
2565/08/14 4:48:00 หลังเที่ยง GMT+33,5,5,5,5
2565/08/14 4:48:00 หลังเที่ยง GMT+34,4,4,4,3
2565/08/14 4:48:00 หลังเที่ยง GMT+35,5,5,5,5
2565/08/14 4:48:00 หลังเที่ยง GMT+36,5,5,4,4
2565/08/14 4:48:00 หลังเที่ยง GMT+37,5,5,5,5
2565/08/14 4:48:00 หลังเที่ยง GMT+38,4,3,5,2
2565/08/14 4:48:00 หลังเที่ยง GMT+39,3,5,5,5
2565/08/14 4:48:00 หลังเที่ยง GMT+40,5,5,5,5
2565/08/14 4:48:00 หลังเที่ยง GMT+41,4,4,3,4
2565/08/14 4:48:00 หลังเที่ยง GMT+42,5,5,5,5
2565/08/14 4:48:00 หลังเที่ยง GMT+43,5,5,5,5
2565/08/14 4:48:00 หลังเที่ยง GMT+44,5,5,5,5
2565/08/14 4:48:00 หลังเที่ยง GMT+45,5,5,5,5
2565/08/14 4:48:00 หลังเที่ยง GMT+46,4,5,5,5
2565/08/14 4:48:00 หลังเที่ยง GMT+47,3,3,5,4
2565/08/14 4:48:00 หลังเที่ยง GMT+48,5,5,5,5
2565/08/14 4:48:00 หลังเที่ยง GMT+49,5,5,5,5
2565/08/14 4:48:00 หลังเที่ยง GMT+50,5,5,5,5
2565/08/14 4:48:00 หลังเที่ยง GMT+51,5,5,5,5
2565/08/14 4:48:00 หลังเที่ยง GMT+52,3,4,5,4
2565/08/14 4:48:00 หลังเที่ยง GMT+53,5,5,5,5
2565/08/14 4:48:00 หลังเที่ยง GMT+54,5,5,5,5
2565/08/14 4:48:00 หลังเที่ยง GMT+55,5,5,5,5
2565/08/14 4:48:00 หลังเที่ยง GMT+56,5,5,5,4
2565/08/14 4:48:00 หลังเที่ยง GMT+57,5,5,5,5
2565/08/14 4:48:00 หลังเที่ยง GMT+58,4,4,4,4
2565/08/14 4:48:00 หลังเที่ยง GMT+59,5,5,5,5
2565/08/14 4:48:00 หลังเที่ยง GMT+60,5,5,5,5
2565/08/14 4:48:00 หลังเที่ยง GMT+61,4,4,5,5
2565/08/14 4:48:00 หลังเที่ยง GMT+62,5,5,5,5
2565/08/14 4:48:00 หลังเที่ยง GMT+63,5,5,5,5
2565/08/14 4:48:00 หลังเที่ยง GMT+64,5,5,5,5
2565/08/14 4:48:00 หลังเที่ยง GMT+65,4,4,4,4
2565/08/14 4:48:00 หลังเที่ยง GMT+66,4,4,5,4
2565/08/14 4:48:00 หลังเที่ยง GMT+67,5,5,5,5
2565/08/14 4:48:00 หลังเที่ยง GMT+68,5,5,5,5
2565/08/14 4:48:00 หลังเที่ยง GMT+69,5,5,5,5
2565/08/14 4:48:00 หลังเที่ยง GMT+70,4,5,5,5
2565/08/14 4:48:00 หลังเที่ยง GMT+71,5,5,5,5
2565/08/14 4:48:00 หลังเที่ยง GMT+72,5,5,5,5
2565/08/14 4:48:00 หลังเที่ยง GMT+73,5,5,5,5
2565/08/14 4:48:00 หลังเที่ยง GMT+74,5,5,5,4
2565/08/14 4:48:00 หลังเที่ยง GMT+75,5,5,5,5
2565/08/14 4:48:00 หลังเที่ยง GMT+76,3,3,5,4
2565/08/14 4:48:00 หลังเที่ยง GMT+77,5,5,5,5
2565/08/14 4:48:00 หลังเที่ยง GMT+78,5,5,5,5
2565/08/14 4:48:00 หลังเที่ยง GMT+79,5,5,5,5
2565/08/14 4:48:00 หลังเที่ยง GMT+80,5,5,5,5
2565/08/14 4:48:00 หลังเที่ยง GMT+81,5,5,5,5
2565/08/14 4:48:00 หลังเที่ยง GMT+82,5,5,5,5
2565/08/14 4:48:00 หลังเที่ยง GMT+83,5,5,5,4
2565/08/14 4:48:00 หลังเที่ยง GMT+84,5,5,5,5
2565/08/14 4:48:00 หลังเที่ยง GMT+85,4,4,4,4
2565/08/14 4:48:00 หลังเที่ยง GMT+86,5,5,5,5
2565/08/14 4:48:00 หลังเที่ยง GMT+87,5,5,5,5
2565/08/14 4:48:00 หลังเที่ยง GMT+88,4,4,5,5
2565/08/14 4:48:00 หลังเที่ยง GMT+89,5,5,5,5
2565/08/14 4:48:00 หลังเที่ยง GMT+90,5,5,5,5
2565/08/14 4:48:00 หลังเที่ยง GMT+91,5,5,5,5
2565/08/14 4:48:00 หลังเที่ยง GMT+92,4,4,4,4
2565/08/14 4:48:00 หลังเที่ยง GMT+93,4,4,5,4
2565/08/14 4:48:00 หลังเที่ยง GMT+94,5,5,5,5
2565/08/14 4:48:00 หลังเที่ยง GMT+95,5,5,5,5
2565/08/14 4:48:00 หลังเที่ยง GMT+96,5,5,5,5
2565/08/14 4:48:00 หลังเที่ยง GMT+97,4,5,5,5
2565/08/14 4:48:00 หลังเที่ยง GMT+98,5,5,5,5
2565/08/14 4:48:00 หลังเที่ยง GMT+99,5,5,5,5
2565/08/14 4:48:00 หลังเที่ยง GMT+100,5,5,5,5
2565/08/14 4:48:00 หลังเที่ยง GMT+101,5,5,5,4
2565/08/14 4:48:00 หลังเที่ยง GMT+102,5,5,5,5
2565/08/14 4:48:00 หลังเที่ยง GMT+103,3,3,5,4
2565/08/14 4:48:00 หลังเที่ยง GMT+104,5,5,5,5
2565/08/14 4:48:00 หลังเที่ยง GMT+105,5,5,5,5
2565/08/14 4:48:00 หลังเที่ยง GMT+106,5,5,5,5
2565/08/14 4:48:00 หลังเที่ยง GMT+107,5,5,5,5
2565/08/14 4:48:00 หลังเที่ยง GMT+108,5,5,5,5
2565/08/14 4:48:00 หลังเที่ยง GMT+109,5,5,5,5
2565/08/14 4:48:00 หลังเที่ยง GMT+110,5,5,5,4
2565/08/14 4:48:00 หลังเที่ยง GMT+111,5,5,5,5
2565/08/14 4:48:00 หลังเที่ยง GMT+112,3,3,5,4
2565/08/14 4:48:00 หลังเที่ยง GMT+113,5,5,5,5
2565/08/14 4:48:00 หลังเที่ยง GMT+114,5,5,5,5
