ประทับเวลา,เพื่อให้นิสิตได้แลกเปลี่ยนประสบการณ์กับรุ่นพี่ศิษย์เก่า,เพื่อให้นิสิตได้ภาคภูมิใจที่ได้ศึกษาในจุฬาลงกรณ์
2565/08/14 1:26:53 ก่อนเที่ยง GMT+7,2,4
2565/08/14 1:26:53 ก่อนเที่ยง GMT+8,4,5
2565/08/14 1:26:53 ก่อนเที่ยง GMT+9,2,4
2565/08/14 1:26:53 ก่อนเที่ยง GMT+10,3,3
2565/08/14 1:26:53 ก่อนเที่ยง GMT+11,3,3
2565/08/14 1:26:53 ก่อนเที่ยง GMT+12,5,5
2565/08/14 1:26:53 ก่อนเที่ยง GMT+13,4,5
2565/08/14 1:26:53 ก่อนเที่ยง GMT+14,5,5
2565/08/14 1:26:53 ก่อนเที่ยง GMT+15,4,4
2565/08/14 1:26:53 ก่อนเที่ยง GMT+16,4,5
2565/08/14 1:26:53 ก่อนเที่ยง GMT+17,4,4
2565/08/14 1:26:53 ก่อนเที่ยง GMT+18,4,4
2565/08/14 1:26:53 ก่อนเที่ยง GMT+19,5,5
2565/08/14 1:26:53 ก่อนเที่ยง GMT+20,5,4
2565/08/14 1:26:53 ก่อนเที่ยง GMT+21,4,4
2565/08/14 1:26:53 ก่อนเที่ยง GMT+22,5,5
2565/08/14 1:26:53 ก่อนเที่ยง GMT+23,2,5
2565/08/14 1:26:53 ก่อนเที่ยง GMT+24,5,5
2565/08/14 1:26:53 ก่อนเที่ยง GMT+25,4,4
2565/08/14 1:26:53 ก่อนเที่ยง GMT+26,5,5
2565/08/14 1:26:53 ก่อนเที่ยง GMT+27,5,5
2565/08/14 1:26:53 ก่อนเที่ยง GMT+28,5,3
2565/08/14 1:26:53 ก่อนเที่ยง GMT+29,5,4
2565/08/14 1:26:53 ก่อนเที่ยง GMT+30,3,5
2565/08/14 1:26:53 ก่อนเที่ยง GMT+31,3,4
2565/08/14 1:26:53 ก่อนเที่ยง GMT+32,2,5
2565/08/14 1:26:53 ก่อนเที่ยง GMT+33,5,5
2565/08/14 1:26:53 ก่อนเที่ยง GMT+34,4,4
2565/08/14 1:26:53 ก่อนเที่ยง GMT+35,4,3
2565/08/14 1:26:53 ก่อนเที่ยง GMT+36,4,4
2565/08/14 1:26:53 ก่อนเที่ยง GMT+37,5,5
2565/08/14 1:26:53 ก่อนเที่ยง GMT+38,4,5
2565/08/14 1:26:53 ก่อนเที่ยง GMT+39,4,3
2565/08/14 1:26:53 ก่อนเที่ยง GMT+40,4,3
2565/08/14 1:26:53 ก่อนเที่ยง GMT+41,4,4
2565/08/14 1:26:53 ก่อนเที่ยง GMT+42,5,5
2565/08/14 1:26:53 ก่อนเที่ยง GMT+43,3,5
2565/08/14 1:26:53 ก่อนเที่ยง GMT+44,5,5
2565/08/14 1:26:53 ก่อนเที่ยง GMT+45,4,5
2565/08/14 1:26:53 ก่อนเที่ยง GMT+46,4,4
2565/08/14 1:26:53 ก่อนเที่ยง GMT+47,3,3
2565/08/14 1:26:53 ก่อนเที่ยง GMT+48,5,5
2565/08/14 1:26:53 ก่อนเที่ยง GMT+49,5,5
2565/08/14 1:26:53 ก่อนเที่ยง GMT+50,5,5
2565/08/14 1:26:53 ก่อนเที่ยง GMT+51,5,5
2565/08/14 1:26:53 ก่อนเที่ยง GMT+52,3,4
2565/08/14 1:26:53 ก่อนเที่ยง GMT+53,5,5
2565/08/14 1:26:53 ก่อนเที่ยง GMT+54,5,5
2565/08/14 1:26:53 ก่อนเที่ยง GMT+55,5,5
2565/08/14 1:26:53 ก่อนเที่ยง GMT+56,4,4
2565/08/14 1:26:53 ก่อนเที่ยง GMT+57,4,4
2565/08/14 1:26:53 ก่อนเที่ยง GMT+58,4,4
2565/08/14 1:26:53 ก่อนเที่ยง GMT+59,5,5
2565/08/14 1:26:53 ก่อนเที่ยง GMT+60,5,5
2565/08/14 1:26:53 ก่อนเที่ยง GMT+61,4,5
2565/08/14 1:26:53 ก่อนเที่ยง GMT+62,4,4
2565/08/14 1:26:53 ก่อนเที่ยง GMT+63,5,5
2565/08/14 1:26:53 ก่อนเที่ยง GMT+64,5,5
2565/08/14 1:26:53 ก่อนเที่ยง GMT+65,4,4
2565/08/14 1:26:53 ก่อนเที่ยง GMT+66,4,4
2565/08/14 1:26:53 ก่อนเที่ยง GMT+67,5,5
2565/08/14 1:26:53 ก่อนเที่ยง GMT+68,5,5
2565/08/14 1:26:53 ก่อนเที่ยง GMT+69,5,5
2565/08/14 1:26:53 ก่อนเที่ยง GMT+70,3,5
2565/08/14 1:26:53 ก่อนเที่ยง GMT+71,5,5
2565/08/14 1:26:53 ก่อนเที่ยง GMT+72,5,5
2565/08/14 1:26:53 ก่อนเที่ยง GMT+73,5,5
2565/08/14 1:26:53 ก่อนเที่ยง GMT+74,5,5
2565/08/14 1:26:53 ก่อนเที่ยง GMT+75,5,5
2565/08/14 1:26:53 ก่อนเที่ยง GMT+76,3,3
2565/08/14 1:26:53 ก่อนเที่ยง GMT+77,4,4
2565/08/14 1:26:53 ก่อนเที่ยง GMT+78,5,5
2565/08/14 1:26:53 ก่อนเที่ยง GMT+79,5,5
2565/08/14 1:26:53 ก่อนเที่ยง GMT+80,5,5
2565/08/14 1:26:53 ก่อนเที่ยง GMT+81,5,5
2565/08/14 1:26:53 ก่อนเที่ยง GMT+82,4,4
2565/08/14 1:26:53 ก่อนเที่ยง GMT+83,4,4
2565/08/14 1:26:53 ก่อนเที่ยง GMT+84,4,4
2565/08/14 1:26:53 ก่อนเที่ยง GMT+85,5,5
2565/08/14 1:26:53 ก่อนเที่ยง GMT+86,5,5
2565/08/14 1:26:53 ก่อนเที่ยง GMT+87,4,5
2565/08/14 1:26:53 ก่อนเที่ยง GMT+88,4,4
2565/08/14 1:26:53 ก่อนเที่ยง GMT+89,5,5
2565/08/14 1:26:53 ก่อนเที่ยง GMT+90,5,5
2565/08/14 1:26:53 ก่อนเที่ยง GMT+91,4,4
2565/08/14 1:26:53 ก่อนเที่ยง GMT+92,4,4
2565/08/14 1:26:53 ก่อนเที่ยง GMT+93,5,5
2565/08/14 1:26:53 ก่อนเที่ยง GMT+94,5,5
2565/08/14 1:26:53 ก่อนเที่ยง GMT+95,5,5
2565/08/14 1:26:53 ก่อนเที่ยง GMT+96,3,5
2565/08/14 1:26:53 ก่อนเที่ยง GMT+97,5,5
2565/08/14 1:26:53 ก่อนเที่ยง GMT+98,5,5
2565/08/14 1:26:53 ก่อนเที่ยง GMT+99,5,5
2565/08/14 1:26:53 ก่อนเที่ยง GMT+100,5,5
2565/08/14 1:26:53 ก่อนเที่ยง GMT+101,5,5
2565/08/14 1:26:53 ก่อนเที่ยง GMT+102,3,3
2565/08/14 1:26:53 ก่อนเที่ยง GMT+103,4,4
2565/08/14 1:26:53 ก่อนเที่ยง GMT+104,5,5
2565/08/14 1:26:53 ก่อนเที่ยง GMT+105,5,5
2565/08/14 1:26:53 ก่อนเที่ยง GMT+106,4,4
2565/08/14 1:26:53 ก่อนเที่ยง GMT+107,5,5
2565/08/14 1:26:53 ก่อนเที่ยง GMT+108,5,5
2565/08/14 1:26:53 ก่อนเที่ยง GMT+109,4,5
2565/08/14 1:26:53 ก่อนเที่ยง GMT+110,4,4
2565/08/14 1:26:53 ก่อนเที่ยง GMT+111,5,5
2565/08/14 1:26:53 ก่อนเที่ยง GMT+112,5,5
2565/08/14 1:26:53 ก่อนเที่ยง GMT+113,4,4
2565/08/14 1:26:53 ก่อนเที่ยง GMT+114,4,4
